{
    "gravity":	0,
    "lightDir":	[-0.57735031843185425, -0.57735031843185425, -0.57735031843185425],
    "cameraDir":	[0, -0.0995037332177162, -0.9950372576713562],
    "cameraPos":	[0, 0, 20],
    "objects":	[{
        "type":	"cube",
        "size":	1,
        "mass":	0.5,
        "velocity":	[0, 0, 0],
        "position":	[0, 0, 0],
        "color":	[0.0784313753247261, 0.7843137383461, 0.7843137383461],
        "euler":	[7.92988032571884e-07, 45.637371063232422, 7.08614288669196e-06],
        "static":	false,
        "spin":	[0, 100, 0]
    }]
}

