{
	"gravity":	-9.8000001907348633,
	"lightDir":	[-0.57735025882720947, -0.57735025882720947, -0.57735025882720947],
	"cameraDir":	[0, -0.099503718316555023, -0.99503713846206665],
	"cameraPos":	[0, 0, 20],
	"objects":	[{
			"type":	"cube",
			"size":	1,
			"mass":	0.5,
			"velocity":	[0, -22.374313354492188, 0],
			"position":	[0, -5.7295150756835938, 0],
			"color":	[0.0784313753247261, 0.7843137383461, 0.7843137383461],
			"euler":	[44.999996185302734, 0, 44.999996185302734]
		}]
}